SearchName,DatFile,JobID,NumberOfSpectra,NumberOfSpectraOver25,Over25inPercent,Comment
20161201+AF8-14+AF8-Mix1b+AF8-1+AF8-DDA+AF8-deisotoped+AF8-fbdm+AF8-MascotDaemon.mgf+AF8-Fusion,F257527.dat,257527,34751,10419,29.98,
20161201+AF8-20+AF8-Mix1a+AF8-2+AF8-DDA+AF8-deisotoped+AF8-fbdm+AF8-MascotDaemon.mgf+AF8-Fusion,F257529.dat,257529,34433,10865,31.55,
20161201+AF8-22+AF8-Mix1b+AF8-2+AF8-DDA+AF8-deisotoped+AF8-fbdm+AF8-MascotDaemon.mgf+AF8-Fusion,F257530.dat,257530,34467,9814,28.47,
TP+AF8-HeLa+AF8-200ng+AF8-deisotoped+AF8-fbdm+AF8-MascotDaemon.mgf+AF8-Fusion,F257531.dat,257531,27583,16655,60.38,
20161201+AF8-11+AF8-Mix1a+AF8-1+AF8-DDA.mgf+AF8-Fusion,F257532.dat,257532,34335,10554,30.74,Original
20161201+AF8-14+AF8-Mix1b+AF8-1+AF8-DDA.mgf+AF8-Fusion,F257533.dat,257533,34751,9851,28.35,Original
20161201+AF8-20+AF8-Mix1a+AF8-2+AF8-DDA.mgf+AF8-Fusion,F257534.dat,257534,34433,10349,30.06,Original
20161201+AF8-22+AF8-Mix1b+AF8-2+AF8-DDA.mgf+AF8-Fusion,F257535.dat,257535,34467,9315,27.03,Original
20161010+AF8-04+AF8-TP+AF8-HeLa+AF8-200ng.mgf+AF8-Fusion,F257536.dat,257536,27583,16387,59.41,Original
20161201+AF8-11+AF8-Mix1a+AF8-1+AF8-DDA+AF8-deisotoped+AF8-fbdm+AF8-MascotDaemon.mgf+AF8-Fusion,F257537.dat,257537,34335,11175,32.55,
20161201+AF8-11+AF8-Mix1a+AF8-1+AF8-DDA+AF8-deisotoped+AF8-mspy+AF8-MascotDaemon.mgf+AF8-Fusion,F257543.dat,257543,29421,7745,26.32,
20161201+AF8-11+AF8-Mix1a+AF8-1+AF8-DDA.mgf+AF8-Fusion,F257544.dat,257544,34335,11394,33.18,PD
20161201+AF8-14+AF8-Mix1b+AF8-1+AF8-DDA+AF8-deisotoped+AF8-mspy+AF8-MascotDaemon.mgf+AF8-Fusion,F257545.dat,257545,29286,7122,24.32,
20161201+AF8-14+AF8-Mix1b+AF8-1+AF8-DDA.mgf+AF8-Fusion,F257546.dat,257546,34751,10664,30.69,PD
20161201+AF8-20+AF8-Mix1a+AF8-2+AF8-DDA+AF8-deisotoped+AF8-mspy+AF8-MascotDaemon.mgf+AF8-Fusion,F257547.dat,257547,28799,7448,25.86,
20161201+AF8-20+AF8-Mix1a+AF8-2+AF8-DDA.mgf+AF8-Fusion,F257548.dat,257548,34433,11122,32.3,PD
20161201+AF8-22+AF8-Mix1b+AF8-2+AF8-DDA+AF8-deisotoped+AF8-mspy+AF8-MascotDaemon.mgf+AF8-Fusion,F257549.dat,257549,28150,6485,23.04,
20161201+AF8-22+AF8-Mix1b+AF8-2+AF8-DDA.mgf+AF8-Fusion,F257550.dat,257550,34467,10019,29.07,PD
TP+AF8-HeLa+AF8-200ng+AF8-deisotoped+AF8-mspy+AF8-MascotDaemon.mgf+AF8-Fusion,F257551.dat,257551,26988,11080,41.06,
20161201+AF8-11+AF8-Mix1a+AF8-1+AF8-DDA+AF8-msdeconv.mgf+AF8-Fusion,F257560.dat,257560,32559,8844,27.16,
20161201+AF8-14+AF8-Mix1b+AF8-1+AF8-DDA+AF8-msdeconv.mgf+AF8-Fusion,F257561.dat,257561,33001,8100,24.54,
20161201+AF8-20+AF8-Mix1a+AF8-2+AF8-DDA+AF8-msdeconv.mgf+AF8-Fusion,F257562.dat,257562,32775,8589,26.21,
20161201+AF8-22+AF8-Mix1b+AF8-2+AF8-DDA+AF8-msdeconv.mgf+AF8-Fusion,F257563.dat,257563,32923,7668,23.29,
TP+AF8-HeLa+AF8-200ng+AF8-withUpdatedScoreFunc.mgf+AF8-Fusion,F257662.dat,257662,27583,16715,60.6,
TP+AF8-HeLa+AF8-200ng+AF8-withUpdatedScoreFuncAndMod.mgf+AF8-Fusion,F257663.dat,257663,27583,16715,60.6,
20161201+AF8-11+AF8-Mix1a+AF8-1+AF8-DDA+AF8-benchmark+AF8-fbdm+AF8-updatedScore.mgf+AF8-Fusion,F257664.dat,257664,34335,11315,32.95,
20161201+AF8-11+AF8-Mix1a+AF8-1+AF8-DDA+AF8-benchmark+AF8-fbdm+AF8-with+AF8-mod+AF8-updatedScore.mgf+AF8-Fusion,F257665.dat,257665,34335,11316,32.96,
20161201+AF8-14+AF8-Mix1b+AF8-1+AF8-DDA+AF8-benchmark+AF8-fbdm+AF8-updatedScore.mgf+AF8-Fusion,F257666.dat,257666,34751,10523,30.28,
20161201+AF8-14+AF8-Mix1b+AF8-1+AF8-DDA+AF8-benchmark+AF8-fbdm+AF8-with+AF8-mod+AF8-updatedScore.mgf+AF8-Fusion,F257667.dat,257667,34751,10523,30.28,
20161201+AF8-20+AF8-Mix1a+AF8-2+AF8-DDA+AF8-benchmark+AF8-fbdm+AF8-updatedScore.mgf+AF8-Fusion,F257668.dat,257668,34433,10984,31.9,
20161201+AF8-20+AF8-Mix1a+AF8-2+AF8-DDA+AF8-benchmark+AF8-fbdm+AF8-with+AF8-mod+AF8-updatedScore.mgf+AF8-Fusion,F257671.dat,257671,34433,10985,31.9,
20161201+AF8-22+AF8-Mix1b+AF8-2+AF8-DDA+AF8-benchmark+AF8-fbdm+AF8-updatedScore.mgf+AF8-Fusion,F257672.dat,257672,34467,9945,28.85,
20161201+AF8-22+AF8-Mix1b+AF8-2+AF8-DDA+AF8-benchmark+AF8-fbdm+AF8-with+AF8-mod+AF8-updatedScore.mgf+AF8-Fusion,F257673.dat,257673,34467,9945,28.85,
TP+AF8-HeLa+AF8-200ng+AF8-benchmark+AF8-fbdm+AF8-first.mgf+AF8-Fusion,F257703.dat,257703,27583,16716,60.6,
TP+AF8-HeLa+AF8-200ng+AF8-benchmark+AF8-fbdm+AF8-last.mgf+AF8-Fusion,F257704.dat,257704,27583,640,2.32,
TP+AF8-HeLa+AF8-200ng+AF8-benchmark+AF8-fbdm+AF8-mean.mgf+AF8-Fusion,F257705.dat,257705,27583,543,1.97,
TP+AF8-HeLa+AF8-200ng+AF8-benchmark+AF8-fbdm+AF8-with+AF8-mod+AF8-first.mgf+AF8-Fusion,F257706.dat,257706,27583,16714,60.6,
TP+AF8-HeLa+AF8-200ng+AF8-benchmark+AF8-fbdm+AF8-with+AF8-mod+AF8-last.mgf+AF8-Fusion,F257707.dat,257707,27583,641,2.32,
TP+AF8-HeLa+AF8-200ng+AF8-benchmark+AF8-fbdm+AF8-with+AF8-mod+AF8-mean.mgf+AF8-Fusion,F257708.dat,257708,27583,543,1.97,
20161201+AF8-11+AF8-Mix1a+AF8-1+AF8-DDA+AF8-benchmark+AF8-fbdm+AF8-first.mgf+AF8-Fusion,F257850.dat,257850,34335,11314,32.95,
20161201+AF8-11+AF8-Mix1a+AF8-1+AF8-DDA+AF8-benchmark+AF8-fbdm+AF8-last.mgf+AF8-Fusion,F257851.dat,257851,34335,274,0.8,
20161201+AF8-11+AF8-Mix1a+AF8-1+AF8-DDA+AF8-benchmark+AF8-fbdm+AF8-mean.mgf+AF8-Fusion,F257852.dat,257852,34335,228,0.66,
20161201+AF8-11+AF8-Mix1a+AF8-1+AF8-DDA+AF8-benchmark+AF8-fbdm+AF8-with+AF8-mod+AF8-first.mgf+AF8-Fusion,F257853.dat,257853,34335,11314,32.95,
20161201+AF8-11+AF8-Mix1a+AF8-1+AF8-DDA+AF8-benchmark+AF8-fbdm+AF8-with+AF8-mod+AF8-last.mgf+AF8-Fusion,F257854.dat,257854,34335,274,0.8,
20161201+AF8-11+AF8-Mix1a+AF8-1+AF8-DDA+AF8-benchmark+AF8-fbdm+AF8-with+AF8-mod+AF8-mean.mgf+AF8-Fusion,F257855.dat,257855,34335,229,0.67,
20161201+AF8-11+AF8-Mix1a+AF8-1+AF8-DDA+AF8-benchmark+AF8-mspy.mgf+AF8-Fusion,F257856.dat,257856,29421,7745,26.32,
20161201+AF8-14+AF8-Mix1b+AF8-1+AF8-DDA+AF8-benchmark+AF8-fbdm+AF8-first.mgf+AF8-Fusion,F257857.dat,257857,34751,10523,30.28,
20161201+AF8-14+AF8-Mix1b+AF8-1+AF8-DDA+AF8-benchmark+AF8-fbdm+AF8-last.mgf+AF8-Fusion,F257858.dat,257858,34751,255,0.73,
20161201+AF8-14+AF8-Mix1b+AF8-1+AF8-DDA+AF8-benchmark+AF8-fbdm+AF8-mean.mgf+AF8-Fusion,F257859.dat,257859,34751,201,0.58,
20161201+AF8-14+AF8-Mix1b+AF8-1+AF8-DDA+AF8-benchmark+AF8-fbdm+AF8-with+AF8-mod+AF8-first.mgf+AF8-Fusion,F257860.dat,257860,34751,10523,30.28,
20161201+AF8-14+AF8-Mix1b+AF8-1+AF8-DDA+AF8-benchmark+AF8-fbdm+AF8-with+AF8-mod+AF8-last.mgf+AF8-Fusion,F257861.dat,257861,34751,255,0.73,
20161201+AF8-14+AF8-Mix1b+AF8-1+AF8-DDA+AF8-benchmark+AF8-fbdm+AF8-with+AF8-mod+AF8-mean.mgf+AF8-Fusion,F257862.dat,257862,34751,201,0.58,
20161201+AF8-14+AF8-Mix1b+AF8-1+AF8-DDA+AF8-benchmark+AF8-mspy.mgf+AF8-Fusion,F257863.dat,257863,29286,7122,24.32,
20161201+AF8-20+AF8-Mix1a+AF8-2+AF8-DDA+AF8-benchmark+AF8-fbdm+AF8-first.mgf+AF8-Fusion,F257864.dat,257864,34433,10985,31.9,
20161201+AF8-20+AF8-Mix1a+AF8-2+AF8-DDA+AF8-benchmark+AF8-fbdm+AF8-last.mgf+AF8-Fusion,F257865.dat,257865,34433,259,0.75,
20161201+AF8-20+AF8-Mix1a+AF8-2+AF8-DDA+AF8-benchmark+AF8-fbdm+AF8-mean.mgf+AF8-Fusion,F257866.dat,257866,34433,218,0.63,
20161201+AF8-20+AF8-Mix1a+AF8-2+AF8-DDA+AF8-benchmark+AF8-fbdm+AF8-with+AF8-mod+AF8-first.mgf+AF8-Fusion,F257867.dat,257867,34433,10985,31.9,
20161201+AF8-20+AF8-Mix1a+AF8-2+AF8-DDA+AF8-benchmark+AF8-fbdm+AF8-with+AF8-mod+AF8-last.mgf+AF8-Fusion,F257868.dat,257868,34433,259,0.75,
20161201+AF8-20+AF8-Mix1a+AF8-2+AF8-DDA+AF8-benchmark+AF8-fbdm+AF8-with+AF8-mod+AF8-mean.mgf+AF8-Fusion,F257869.dat,257869,34433,218,0.63,
20161201+AF8-20+AF8-Mix1a+AF8-2+AF8-DDA+AF8-benchmark+AF8-mspy.mgf+AF8-Fusion,F257870.dat,257870,28799,7448,25.86,
20161201+AF8-22+AF8-Mix1b+AF8-2+AF8-DDA+AF8-benchmark+AF8-fbdm+AF8-first.mgf+AF8-Fusion,F257871.dat,257871,34467,9945,28.85,
20161201+AF8-22+AF8-Mix1b+AF8-2+AF8-DDA+AF8-benchmark+AF8-fbdm+AF8-last.mgf+AF8-Fusion,F257872.dat,257872,34467,306,0.89,
20161201+AF8-22+AF8-Mix1b+AF8-2+AF8-DDA+AF8-benchmark+AF8-fbdm+AF8-mean.mgf+AF8-Fusion,F257873.dat,257873,34467,264,0.77,
20161201+AF8-22+AF8-Mix1b+AF8-2+AF8-DDA+AF8-benchmark+AF8-fbdm+AF8-with+AF8-mod+AF8-first.mgf+AF8-Fusion,F257874.dat,257874,34467,9945,28.85,
20161201+AF8-22+AF8-Mix1b+AF8-2+AF8-DDA+AF8-benchmark+AF8-fbdm+AF8-with+AF8-mod+AF8-last.mgf+AF8-Fusion,F257875.dat,257875,34467,306,0.89,
20161201+AF8-22+AF8-Mix1b+AF8-2+AF8-DDA+AF8-benchmark+AF8-fbdm+AF8-with+AF8-mod+AF8-mean.mgf+AF8-Fusion,F257876.dat,257876,34467,264,0.77,
20161201+AF8-22+AF8-Mix1b+AF8-2+AF8-DDA+AF8-benchmark+AF8-mspy.mgf+AF8-Fusion,F257877.dat,257877,28150,6485,23.04,
TP+AF8-HeLa+AF8-200ngf+AF8-deisotoped+AF8-highest.mgf+AF8-Fusion,F257919.dat,257919,27583,16491,59.79,
TP+AF8-HeLa+AF8-200ng+AF8-fbdm+AF8-first+AF8-MascotAll.mgf+AF8-Fusion,F258031.dat,258031,27583,16713,60.59,
TP+AF8-HeLa+AF8-200ng+AF8-fbdm+AF8-first+AF8-MascotBoldRelated.mgf+AF8-Fusion,F258032.dat,258032,27583,16716,60.6,
TP+AF8-HeLa+AF8-200ng+AF8-fbdm+AF8-first+AF8-MascotItalicRelated.mgf+AF8-Fusion,F258033.dat,258033,27583,16715,60.6,
TP+AF8-HeLa+AF8-200ng+AF8-fbdm+AF8-first+AF8-MascotStandartRelated.mgf+AF8-Fusion,F258034.dat,258034,27583,16714,60.6,
TP+AF8-HeLa+AF8-200ng+AF8-fbdm+AF8-first+AF8-empty+AF8-properties.mgf+AF8-Fusion,F258035.dat,258035,27583,16721,60.62,
20161201+AF8-11+AF8-Mix1a+AF8-1+AF8-DDA+AF8-fbdm+AF8-first+AF8-empty+AF8-properties.mgf+AF8-Fusion,F258037.dat,258037,34335,11315,32.95,
20161201+AF8-11+AF8-Mix1a+AF8-1+AF8-DDA.mgf+AF8-Fusion,F258039.dat,258039,34335,11094,32.31,
20161201+AF8-11+AF8-Mix1a+AF8-1+AF8-DDAHCD.mgf+AF8-Fusion,F258040.dat,258040,34335,11423,33.27,
TP+AF8-HeLa+AF8-200ng+AF8-removedNoise5Percent+AF8-fbdm.mgf+AF8-Fusion,F258099.dat,258099,27583,16716,60.6,
/srv/lucas1/Downloads/MascotDaemon/input/mgf/DDA+AF8-pd/20161201+AF8-20+AF8-Mix1a+AF8-2+AF8-DDA.mgf+AF8-deisotoped,F258226.dat,258226,34433,10985,31.9,
/srv/lucas1/Downloads/MascotDaemon/input/mgf/DDA+AF8-pd/20161201+AF8-22+AF8-Mix1b+AF8-2+AF8-DDA.mgf+AF8-deisotoped,F258227.dat,258227,34467,9945,28.85,
/srv/lucas1/Downloads/MascotDaemon/input/mgf/HeLa/20161010+AF8-04+AF8-TP+AF8-HeLa+AF8-200ng.mgf+AF8-deisotoped,F258228.dat,258228,27583,16715,60.6,
/srv/lucas1/Downloads/MascotDaemon/input/mgf/DDA+AF8-pd/20161201+AF8-11+AF8-Mix1a+AF8-1+AF8-DDA.mgf+AF8-deisotoped,F258229.dat,258229,34335,11314,32.95,
/srv/lucas1/Downloads/MascotDaemon/input/mgf/DDA+AF8-pd/20161201+AF8-14+AF8-Mix1b+AF8-1+AF8-DDA.mgf+AF8-deisotoped,F258230.dat,258230,34751,10523,30.28,
/srv/lucas1/Downloads/MascotDaemon/input/mgf/DDA+AF8-pd/20161201+AF8-20+AF8-Mix1a+AF8-2+AF8-DDA.mgf+AF8-deisotoped,F258231.dat,258231,34433,10984,31.9,
/srv/lucas1/Downloads/MascotDaemon/input/mgf/DDA+AF8-pd/20161201+AF8-22+AF8-Mix1b+AF8-2+AF8-DDA.mgf+AF8-deisotoped,F258232.dat,258232,34467,9945,28.85,
/srv/lucas1/Downloads/MascotDaemon/input/mgf/HeLa/20161010+AF8-04+AF8-TP+AF8-HeLa+AF8-200ng.mgf+AF8-deisotoped,F258233.dat,258233,27583,16141,58.52,
/srv/lucas1/Downloads/MascotDaemon/input/mgf/DDA+AF8-pd/20161201+AF8-11+AF8-Mix1a+AF8-1+AF8-DDA.mgf+AF8-deisotoped,F258235.dat,258235,34335,10667,31.07,
/srv/lucas1/Downloads/MascotDaemon/input/mgf/DDA+AF8-pd/20161201+AF8-14+AF8-Mix1b+AF8-1+AF8-DDA.mgf+AF8-deisotoped,F258237.dat,258237,34751,9914,28.53,
/srv/lucas1/Downloads/MascotDaemon/input/mgf/DDA+AF8-pd/20161201+AF8-20+AF8-Mix1a+AF8-2+AF8-DDA.mgf+AF8-deisotoped,F258238.dat,258238,34433,10353,30.07,
/srv/lucas1/Downloads/MascotDaemon/input/mgf/DDA+AF8-pd/20161201+AF8-22+AF8-Mix1b+AF8-2+AF8-DDA.mgf+AF8-deisotoped,F258239.dat,258239,34467,9299,26.98,
/srv/lucas1/Downloads/MascotDaemon/input/mgf/HeLa/20161010+AF8-04+AF8-TP+AF8-HeLa+AF8-200ng.mgf+AF8-deisotoped,F258242.dat,258242,27583,15804,57.3,
/srv/lucas1/Downloads/MascotDaemon/input/mgf/DDA+AF8-pd/20161201+AF8-11+AF8-Mix1a+AF8-1+AF8-DDA.mgf+AF8-deisotoped,F258244.dat,258244,34335,10374,30.21,
/srv/lucas1/Downloads/MascotDaemon/input/mgf/DDA+AF8-pd/20161201+AF8-14+AF8-Mix1b+AF8-1+AF8-DDA.mgf+AF8-deisotoped,F258245.dat,258245,34751,9609,27.65,
/srv/lucas1/Downloads/MascotDaemon/input/mgf/DDA+AF8-pd/20161201+AF8-20+AF8-Mix1a+AF8-2+AF8-DDA.mgf+AF8-deisotoped,F258246.dat,258246,34433,10059,29.21,
/srv/lucas1/Downloads/MascotDaemon/input/mgf/DDA+AF8-pd/20161201+AF8-22+AF8-Mix1b+AF8-2+AF8-DDA.mgf+AF8-deisotoped,F258247.dat,258247,34467,9016,26.16,
/srv/lucas1/Downloads/MascotDaemon/input/mgf/HeLa/20161010+AF8-04+AF8-TP+AF8-HeLa+AF8-200ng.mgf+AF8-deisotoped,F258248.dat,258248,27583,16717,60.61,
/srv/lucas1/Downloads/MascotDaemon/input/mgf/DDA+AF8-pd/20161201+AF8-11+AF8-Mix1a+AF8-1+AF8-DDA.mgf+AF8-deisotoped,F258249.dat,258249,34335,11314,32.95,
/srv/lucas1/Downloads/MascotDaemon/input/mgf/DDA+AF8-pd/20161201+AF8-14+AF8-Mix1b+AF8-1+AF8-DDA.mgf+AF8-deisotoped,F258250.dat,258250,34751,10523,30.28,
/srv/lucas1/Downloads/MascotDaemon/input/mgf/HeLa/20161010+AF8-04+AF8-TP+AF8-HeLa+AF8-200ng.mgf+AF8-deisotoped,F258251.dat,258251,27583,15806,57.3,
/srv/lucas1/Downloads/MascotDaemon/input/mgf/DDA+AF8-pd/20161201+AF8-11+AF8-Mix1a+AF8-1+AF8-DDA.mgf+AF8-deisotoped,F258252.dat,258252,34335,10375,30.22,
/srv/lucas1/Downloads/MascotDaemon/input/mgf/DDA+AF8-pd/20161201+AF8-14+AF8-Mix1b+AF8-1+AF8-DDA.mgf+AF8-deisotoped,F258253.dat,258253,34751,9608,27.65,
/srv/lucas1/Downloads/MascotDaemon/input/mgf/DDA+AF8-pd/20161201+AF8-20+AF8-Mix1a+AF8-2+AF8-DDA.mgf+AF8-deisotoped,F258254.dat,258254,34433,10060,29.22,
/srv/lucas1/Downloads/MascotDaemon/input/mgf/DDA+AF8-pd/20161201+AF8-22+AF8-Mix1b+AF8-2+AF8-DDA.mgf+AF8-deisotoped,F258255.dat,258255,34467,9019,26.17,
/srv/lucas1/Downloads/MascotDaemon/input/mgf/HeLa/20161010+AF8-04+AF8-TP+AF8-HeLa+AF8-200ng.mgf+AF8-deisotoped,F258256.dat,258256,27583,15678,56.84,
/srv/lucas1/Downloads/MascotDaemon/input/mgf/DDA+AF8-pd/20161201+AF8-11+AF8-Mix1a+AF8-1+AF8-DDA.mgf+AF8-deisotoped,F258257.dat,258257,34335,10148,29.56,
/srv/lucas1/Downloads/MascotDaemon/input/mgf/DDA+AF8-pd/20161201+AF8-14+AF8-Mix1b+AF8-1+AF8-DDA.mgf+AF8-deisotoped,F258258.dat,258258,34751,9385,27.01,
/srv/lucas1/Downloads/MascotDaemon/input/mgf/DDA+AF8-pd/20161201+AF8-20+AF8-Mix1a+AF8-2+AF8-DDA.mgf+AF8-deisotoped,F258259.dat,258259,34433,9874,28.68,
/srv/lucas1/Downloads/MascotDaemon/input/mgf/DDA+AF8-pd/20161201+AF8-22+AF8-Mix1b+AF8-2+AF8-DDA.mgf+AF8-deisotoped,F258260.dat,258260,34467,8814,25.57,
/srv/lucas1/Downloads/MascotDaemon/input/mgf/HeLa/20161010+AF8-04+AF8-TP+AF8-HeLa+AF8-200ng.mgf+AF8-deisotoped,F258261.dat,258261,27583,16878,61.19,
/srv/lucas1/Downloads/MascotDaemon/input/mgf/DDA+AF8-pd/20161201+AF8-11+AF8-Mix1a+AF8-1+AF8-DDA.mgf+AF8-deisotoped,F258262.dat,258262,34335,11515,33.54,Better than PD
/srv/lucas1/Downloads/MascotDaemon/input/mgf/DDA+AF8-pd/20161201+AF8-14+AF8-Mix1b+AF8-1+AF8-DDA.mgf+AF8-deisotoped,F258263.dat,258263,34751,10705,30.8,Better than PD
/srv/lucas1/Downloads/MascotDaemon/input/mgf/DDA+AF8-pd/20161201+AF8-20+AF8-Mix1a+AF8-2+AF8-DDA.mgf+AF8-deisotoped,F258264.dat,258264,34433,11183,32.48,Better than PD
/srv/lucas1/Downloads/MascotDaemon/input/mgf/DDA+AF8-pd/20161201+AF8-22+AF8-Mix1b+AF8-2+AF8-DDA.mgf+AF8-deisotoped,F258265.dat,258265,34467,10117,29.35,Better than PD
/srv/lucas1/Downloads/MascotDaemon/input/mgf/HeLa/20161010+AF8-04+AF8-TP+AF8-HeLa+AF8-200ng.mgf+AF8-deisotoped,F258272.dat,258272,27583,16897,61.26,
/srv/lucas1/Downloads/MascotDaemon/input/mgf/DDA+AF8-pd/20161201+AF8-11+AF8-Mix1a+AF8-1+AF8-DDA.mgf+AF8-deisotoped,F258273.dat,258273,34335,11514,33.53,Better than PD
/srv/lucas1/Downloads/MascotDaemon/input/mgf/DDA+AF8-pd/20161201+AF8-14+AF8-Mix1b+AF8-1+AF8-DDA.mgf+AF8-deisotoped,F258274.dat,258274,34751,10720,30.85,Better than PD
/srv/lucas1/Downloads/MascotDaemon/input/mgf/DDA+AF8-pd/20161201+AF8-20+AF8-Mix1a+AF8-2+AF8-DDA.mgf+AF8-deisotoped,F258275.dat,258275,34433,11201,32.53,Better than PD
/srv/lucas1/Downloads/MascotDaemon/input/mgf/DDA+AF8-pd/20161201+AF8-22+AF8-Mix1b+AF8-2+AF8-DDA.mgf+AF8-deisotoped,F258276.dat,258276,34467,10130,29.39,Better than PD
/srv/lucas1/Downloads/MascotDaemon/input/mgf/HeLa/20161010+AF8-04+AF8-TP+AF8-HeLa+AF8-200ng.mgf+AF8-deisotoped,F258277.dat,258277,27583,16847,61.08,
/srv/lucas1/Downloads/MascotDaemon/input/mgf/DDA+AF8-pd/20161201+AF8-11+AF8-Mix1a+AF8-1+AF8-DDA.mgf+AF8-deisotoped,F258278.dat,258278,34335,11496,33.48,Better than PD
/srv/lucas1/Downloads/MascotDaemon/input/mgf/DDA+AF8-pd/20161201+AF8-14+AF8-Mix1b+AF8-1+AF8-DDA.mgf+AF8-deisotoped,F258279.dat,258279,34751,10684,30.74,Better than PD
/srv/lucas1/Downloads/MascotDaemon/input/mgf/DDA+AF8-pd/20161201+AF8-20+AF8-Mix1a+AF8-2+AF8-DDA.mgf+AF8-deisotoped,F258280.dat,258280,34433,11170,32.44,Better than PD
/srv/lucas1/Downloads/MascotDaemon/input/mgf/DDA+AF8-pd/20161201+AF8-22+AF8-Mix1b+AF8-2+AF8-DDA.mgf+AF8-deisotoped,F258281.dat,258281,34467,10094,29.29,Better than PD
/srv/lucas1/Downloads/MascotDaemon/input/mgf/HeLa/20161010+AF8-04+AF8-TP+AF8-HeLa+AF8-200ng.mgf+AF8-deisotoped,F258282.dat,258282,27583,16918,61.33,Best result from fbdm
/srv/lucas1/Downloads/MascotDaemon/input/mgf/DDA+AF8-pd/20161201+AF8-11+AF8-Mix1a+AF8-1+AF8-DDA.mgf+AF8-deisotoped,F258283.dat,258283,34335,11476,33.42,Better than PD
/srv/lucas1/Downloads/MascotDaemon/input/mgf/DDA+AF8-pd/20161201+AF8-14+AF8-Mix1b+AF8-1+AF8-DDA.mgf+AF8-deisotoped,F258284.dat,258284,34751,10693,30.77,Better than PD
/srv/lucas1/Downloads/MascotDaemon/input/mgf/DDA+AF8-pd/20161201+AF8-20+AF8-Mix1a+AF8-2+AF8-DDA.mgf+AF8-deisotoped,F258285.dat,258285,34433,11175,32.45,Better than PD
/srv/lucas1/Downloads/MascotDaemon/input/mgf/DDA+AF8-pd/20161201+AF8-22+AF8-Mix1b+AF8-2+AF8-DDA.mgf+AF8-deisotoped,F258286.dat,258286,34467,10118,29.36,Better than PD
/srv/lucas1/Downloads/MascotDaemon/input/mgf/HeLa/20161010+AF8-04+AF8-TP+AF8-HeLa+AF8-200ng.mgf+AF8-deisotoped,F258287.dat,258287,27583,16802,60.91,
/srv/lucas1/Downloads/MascotDaemon/input/mgf/DDA+AF8-pd/20161201+AF8-11+AF8-Mix1a+AF8-1+AF8-DDA.mgf+AF8-deisotoped,F258288.dat,258288,34335,11452,33.35,Better than PD
/srv/lucas1/Downloads/MascotDaemon/input/mgf/DDA+AF8-pd/20161201+AF8-14+AF8-Mix1b+AF8-1+AF8-DDA.mgf+AF8-deisotoped,F258289.dat,258289,34751,10632,30.59,Better than PD
/srv/lucas1/Downloads/MascotDaemon/input/mgf/DDA+AF8-pd/20161201+AF8-20+AF8-Mix1a+AF8-2+AF8-DDA.mgf+AF8-deisotoped,F258290.dat,258290,34433,11123,32.3,Better than PD
/srv/lucas1/Downloads/MascotDaemon/input/mgf/DDA+AF8-pd/20161201+AF8-22+AF8-Mix1b+AF8-2+AF8-DDA.mgf+AF8-deisotoped,F258291.dat,258291,34467,10050,29.16,Better than PD
/srv/lucas1/Downloads/MascotDaemon/input/mgf/HeLa/20161010_04_TP_HeLa_200ng.mgf_deisotoped,F258292.dat,258292,27583,16874,61.18
/srv/lucas1/Downloads/MascotDaemon/input/mgf/DDA_pd/20161201_11_Mix1a_1_DDA.mgf_deisotoped,F258293.dat,258293,34335,11317,32.96
/srv/lucas1/Downloads/MascotDaemon/input/mgf/DDA_pd/20161201_14_Mix1b_1_DDA.mgf_deisotoped,F258294.dat,258294,34751,10569,30.41
/srv/lucas1/Downloads/MascotDaemon/input/mgf/DDA_pd/20161201_20_Mix1a_2_DDA.mgf_deisotoped,F258295.dat,258295,34433,11031,32.04
/srv/lucas1/Downloads/MascotDaemon/input/mgf/DDA_pd/20161201_22_Mix1b_2_DDA.mgf_deisotoped,F258296.dat,258296,34467,9959,28.89
/srv/lucas1/Downloads/MascotDaemon/input/mgf/HeLa/20161010_04_TP_HeLa_200ng.mgf_deisotoped,F258297.dat,258297,27583,16916,61.33
/srv/lucas1/Downloads/MascotDaemon/input/mgf/DDA_pd/20161201_11_Mix1a_1_DDA.mgf_deisotoped,F258299.dat,258299,34335,11449,33.34
/srv/lucas1/Downloads/MascotDaemon/input/mgf/DDA_pd/20161201_14_Mix1b_1_DDA.mgf_deisotoped,F258301.dat,258301,34751,10668,30.70
/srv/lucas1/Downloads/MascotDaemon/input/mgf/DDA_pd/20161201_20_Mix1a_2_DDA.mgf_deisotoped,F258302.dat,258302,34433,11161,32.41
/srv/lucas1/Downloads/MascotDaemon/input/mgf/DDA_pd/20161201_22_Mix1b_2_DDA.mgf_deisotoped,F258303.dat,258303,34467,10101,29.31
/srv/lucas1/Downloads/MascotDaemon/input/mgf/HeLa/20161010_04_TP_HeLa_200ng.mgf_deisotoped,F258306.dat,258306,27583,16920,61.34
/srv/lucas1/Downloads/MascotDaemon/input/mgf/DDA_pd/20161201_11_Mix1a_1_DDA.mgf_deisotoped,F258307.dat,258307,34335,11487,33.46
/srv/lucas1/Downloads/MascotDaemon/input/mgf/DDA_pd/20161201_14_Mix1b_1_DDA.mgf_deisotoped,F258308.dat,258308,34751,10718,30.84
/srv/lucas1/Downloads/MascotDaemon/input/mgf/DDA_pd/20161201_20_Mix1a_2_DDA.mgf_deisotoped,F258309.dat,258309,34433,11191,32.50
/srv/lucas1/Downloads/MascotDaemon/input/mgf/DDA_pd/20161201_22_Mix1b_2_DDA.mgf_deisotoped,F258310.dat,258310,34467,10127,29.38
TP_HELA_FixedBugInCompare.mgf_Fusion,F258379.dat,258379,27583,16920,61.34
